Date,Close/Last,Volume,Open,High,Low
12/12/2025,96.19,8348936,96.19,96.2726,96.17
12/11/2025,96.45,8673034,96.68,96.73,96.42
12/10/2025,96.44,13356900,96.085,96.47,96.08
12/09/2025,96.13,8509228,96.405,96.405,96.11
12/08/2025,96.27,14728580,96.41,96.42,96.09
12/05/2025,96.47,9118800,96.69,96.70,96.42
12/04/2025,96.67,8929096,96.815,96.825,96.62
12/03/2025,96.97,6855103,96.925,97.03,96.805
12/02/2025,96.77,7317320,96.66,96.815,96.60
12/01/2025,96.69,9898164,96.772,96.835,96.6797
11/28/2025,97.50,7798022,97.63,97.6499,97.39
11/26/2025,97.67,7747109,97.48,97.67,97.33
11/25/2025,97.59,9193433,97.44,97.6993,97.43
11/24/2025,97.34,6903895,97.29,97.3556,97.1814
11/21/2025,97.19,12551120,97.19,97.23,97.00
11/20/2025,96.87,9076414,96.74,96.945,96.695
11/19/2025,96.64,13075930,96.81,96.86,96.60
11/18/2025,96.71,8769024,96.84,96.93,96.57
11/17/2025,96.55,6648754,96.54,96.62,96.49
11/14/2025,96.44,11288460,96.88,96.9282,96.4201
11/13/2025,96.60,46965590,96.65,96.80,96.60
11/12/2025,96.88,7188206,96.81,96.95,96.775
11/11/2025,96.86,4937742,96.81,96.89,96.725
11/10/2025,96.56,9097469,96.565,96.65,96.51
11/07/2025,96.69,11460290,96.56,96.86,96.55
11/06/2025,96.65,7665059,96.52,96.72,96.51
11/05/2025,96.16,11749240,96.45,96.47,96.13
11/04/2025,96.62,6118993,96.57,96.6715,96.545
11/03/2025,96.50,8012728,96.42,96.56,96.37
10/31/2025,96.85,9739897,96.87,96.95,96.7899
10/30/2025,96.81,8958961,96.67,96.96,96.65
10/29/2025,96.95,11223260,97.53,97.53,96.90
10/28/2025,97.58,5539644,97.43,97.6291,97.43
10/27/2025,97.49,7272562,97.34,97.49,97.205
10/24/2025,97.49,7555376,97.52,97.54,97.33
10/23/2025,97.40,6138339,97.52,97.58,97.38
10/22/2025,97.72,6523872,97.65,97.77,97.5608
10/21/2025,97.70,7641969,97.69,97.77,97.63
10/20/2025,97.52,10437930,97.45,97.53,97.3701
10/17/2025,97.39,12491020,97.46,97.4791,97.265
10/16/2025,97.55,11627160,97.02,97.59,97.00
10/15/2025,97.10,7769455,97.205,97.33,97.015
10/14/2025,97.21,7650640,97.06,97.24,96.98
10/13/2025,96.96,5607641,96.90,96.985,96.78
10/10/2025,96.91,10417700,96.645,97.015,96.57
10/09/2025,96.31,7130649,96.29,96.355,96.226
10/08/2025,96.38,5141866,96.54,96.56,96.32
10/07/2025,96.36,5120243,96.24,96.49,96.18
10/06/2025,96.12,6319630,96.17,96.3356,96.11
10/03/2025,96.40,5154346,96.595,96.64,96.3801
10/02/2025,96.59,9420929,96.45,96.65,96.385
10/01/2025,96.49,8347312,96.56,96.625,96.335
09/30/2025,96.46,9257812,96.58,96.76,96.4201
09/29/2025,96.50,6357833,96.34,96.55,96.325
09/26/2025,96.22,7295442,96.25,96.43,96.1301
09/25/2025,96.27,6517524,96.26,96.3174,96.095
09/24/2025,96.48,5419806,96.62,96.6271,96.4401
09/23/2025,96.74,7077910,96.61,96.75,96.485
09/22/2025,96.47,5282779,96.63,96.66,96.46
09/19/2025,96.63,5528784,96.62,96.70,96.50
09/18/2025,96.67,7589507,96.65,96.81,96.505
09/17/2025,96.99,10701670,97.30,97.515,96.87
09/16/2025,97.20,5848078,97.15,97.29,97.1101
09/15/2025,97.14,4990170,97.15,97.2154,97.095
09/12/2025,96.98,36502980,97.03,97.04,96.84
09/11/2025,97.26,8554434,97.235,97.46,97.225
09/10/2025,97.11,8864493,97.05,97.23,96.96
09/09/2025,96.85,8223260,97.03,97.135,96.76
09/08/2025,97.08,7599723,97.02,97.09,96.92
09/05/2025,96.78,9566288,96.91,97.015,96.78
09/04/2025,96.31,6395264,96.12,96.31,96.00
09/03/2025,95.88,7586121,95.56,96.015,95.56
09/02/2025,95.55,8623225,95.46,95.625,95.4311
08/29/2025,96.15,6818939,96.12,96.23,96.03
08/28/2025,96.23,6545073,95.98,96.23,95.935
08/27/2025,96.01,5223249,95.70,96.01,95.6414
08/26/2025,95.83,5871259,95.66,95.856,95.595
08/25/2025,95.58,9936718,95.60,95.71,95.53
08/22/2025,95.77,10867820,95.395,95.875,95.37
08/21/2025,95.24,5351542,95.39,95.435,95.1119
08/20/2025,95.52,6270926,95.375,95.605,95.36
08/19/2025,95.38,6499330,95.28,95.42,95.27
08/18/2025,95.14,9669701,95.295,95.305,95.05
08/15/2025,95.23,7428568,95.38,95.44,95.17
08/14/2025,95.42,5527457,95.57,95.595,95.35
08/13/2025,95.73,5925164,95.66,95.83,95.6447
08/12/2025,95.39,6727029,95.29,95.39,95.175
08/11/2025,95.41,4920182,95.45,95.54,95.36
08/08/2025,95.38,5623800,95.47,95.47,95.33
08/07/2025,95.60,5725876,95.67,95.77,95.5319
08/06/2025,95.67,10107470,95.60,95.715,95.255
08/05/2025,95.74,8218754,95.64,95.86,95.62
08/04/2025,95.81,8449488,95.77,95.85,95.5329
08/01/2025,95.68,11870210,95.36,95.725,95.335
07/31/2025,94.90,10411770,94.97,95.1293,94.855
07/30/2025,94.82,7426036,94.82,95.0762,94.75
07/29/2025,95.15,7864108,94.67,95.15,94.65
07/28/2025,94.53,5073188,94.57,94.6381,94.49
07/25/2025,94.74,3614071,94.49,94.74,94.45
07/24/2025,94.52,5867428,94.33,94.62,94.315
07/23/2025,94.66,5074057,94.775,94.84,94.605
07/22/2025,95.00,6098107,94.83,95.06,94.81
07/21/2025,94.73,5232360,94.795,94.90,94.68
07/18/2025,94.40,4035035,94.41,94.48,94.30
07/17/2025,94.14,4747200,94.22,94.3299,94.055
07/16/2025,94.17,12786260,94.055,94.24,93.925
07/15/2025,93.91,5628147,94.39,94.40,93.855
07/14/2025,94.28,5101813,94.32,94.46,94.165
07/11/2025,94.32,6004749,94.435,94.465,94.27
07/10/2025,94.76,4452221,94.74,94.78,94.57
07/09/2025,94.81,6900789,94.46,94.82,94.455
07/08/2025,94.32,5282965,94.21,94.33,94.16
07/07/2025,94.46,8518590,94.605,94.62,94.38
07/03/2025,94.76,7398883,94.80,94.86,94.635
07/02/2025,95.09,6026238,94.99,95.1354,94.93
07/01/2025,95.29,10659830,95.42,95.51,95.12
06/30/2025,95.77,10542380,95.60,95.81,95.46
06/27/2025,95.39,8402385,95.385,95.68,95.33
06/26/2025,95.64,7131918,95.48,95.645,95.345
06/25/2025,95.30,6393258,95.08,95.34,94.98
06/24/2025,95.26,7694510,94.84,95.3058,94.80
06/23/2025,94.93,9310287,94.87,95.235,94.80
06/20/2025,94.60,6261860,94.35,94.74,94.285
06/18/2025,94.54,6732481,94.64,94.84,94.3803
06/17/2025,94.48,5285113,94.26,94.52,94.11
06/16/2025,94.02,7508621,94.18,94.375,94.00
06/13/2025,94.29,9195182,94.43,94.50,94.04
06/12/2025,94.64,7795449,94.59,94.645,94.4247
06/11/2025,94.23,6594903,94.02,94.27,93.94
06/10/2025,93.84,5579937,93.98,94.015,93.739
06/09/2025,93.68,6061417,93.515,93.80,93.51
06/06/2025,93.51,7624352,93.775,93.8599,93.475
06/05/2025,94.26,8765989,94.54,94.66,94.23
06/04/2025,94.54,10116190,94.21,94.62,94.13
06/03/2025,93.85,8508947,94.07,94.20,93.77
06/02/2025,93.94,13341850,94.00,94.14,93.78
05/30/2025,94.57,10268590,94.36,94.62,94.30
05/29/2025,94.29,9681506,94.145,94.375,94.10
05/28/2025,93.90,8591454,93.965,94.0359,93.79
05/27/2025,94.16,10834390,93.975,94.26,93.87
05/23/2025,93.77,9860808,93.91,93.92,93.635
05/22/2025,93.50,10981600,93.18,93.54,93.055
05/21/2025,93.15,11383500,93.43,93.56,93.03
05/20/2025,93.80,8929552,93.67,93.87,93.525
05/19/2025,93.92,11705010,93.43,93.94,93.3901
05/16/2025,93.97,6819224,94.31,94.33,93.96
05/15/2025,93.94,9024884,93.72,93.99,93.595
05/14/2025,93.33,6994690,93.64,93.71,93.27
05/13/2025,93.68,13166800,93.87,93.92,93.53
05/12/2025,93.75,9483851,93.73,93.97,93.73
05/09/2025,94.35,3698699,94.445,94.6055,94.32
05/08/2025,94.28,6409030,94.96,94.975,94.26
05/07/2025,95.02,9471305,94.87,95.14,94.85
05/06/2025,94.77,6081225,94.49,94.79,94.4041
05/05/2025,94.53,10089640,94.67,94.68,94.33
05/02/2025,94.70,9331620,94.85,94.99,94.54
05/01/2025,95.34,13703320,95.88,95.895,95.15
04/30/2025,96.07,13923350,95.90,96.1563,95.80
04/29/2025,95.92,5350357,95.54,95.93,95.53
04/28/2025,95.59,4950526,95.10,95.62,95.0735
04/25/2025,95.21,5341346,95.11,95.275,94.975
04/24/2025,94.85,7308934,94.72,94.875,94.62
04/23/2025,94.34,8041319,95.035,95.22,94.22
04/22/2025,94.24,5232965,94.42,94.44,94.2336
04/21/2025,94.17,4901294,94.40,94.745,94.15
04/17/2025,94.68,6987171,94.90,94.9907,94.59
04/16/2025,94.95,8708379,94.66,95.08,94.46
04/15/2025,94.54,7708183,94.25,94.7561,94.235
04/14/2025,94.26,12630880,93.92,94.355,93.795
04/11/2025,93.51,55446580,93.47,93.73,92.79
04/10/2025,94.04,12093780,94.52,94.78,93.99
04/09/2025,94.63,24170820,94.23,94.68,93.61
04/08/2025,94.93,19508020,94.905,95.585,94.88
04/07/2025,95.41,68670640,96.485,96.66,95.19
04/04/2025,96.56,27006540,97.20,97.515,96.55
04/03/2025,96.29,18188010,96.41,96.645,96.1804
04/02/2025,95.31,7635866,95.80,95.80,95.005
04/01/2025,95.40,18128760,95.27,95.66,95.265
03/31/2025,95.37,13255920,95.49,95.555,95.09
03/28/2025,95.09,6224454,94.78,95.1495,94.7499
03/27/2025,94.33,5085410,94.30,94.41,94.2148
03/26/2025,94.41,8281749,94.47,94.565,94.325
03/25/2025,94.63,6825832,94.47,94.735,94.45
03/24/2025,94.47,4823901,94.755,94.78,94.4427
03/21/2025,95.02,4919587,95.25,95.34,94.995
03/20/2025,95.10,4409137,95.47,95.485,94.985
03/19/2025,94.96,5854692,94.59,94.985,94.44
03/18/2025,94.67,8993542,94.42,94.83,94.405
03/17/2025,94.56,6733976,94.645,94.845,94.455
03/14/2025,94.48,4390889,94.565,94.6535,94.4497
03/13/2025,94.81,6902748,94.29,94.846,94.20
03/12/2025,94.43,7610319,94.41,94.66,94.39
03/11/2025,94.71,10408650,95.05,95.3099,94.5753
03/10/2025,95.05,7698488,94.94,95.20,94.85
03/07/2025,94.39,9210206,94.98,95.02,94.295
03/06/2025,94.51,9318861,94.51,94.69,94.16
03/05/2025,94.56,15590010,95.11,95.235,94.53
03/04/2025,95.09,12745450,95.54,95.78,94.93
03/03/2025,95.39,9637437,94.72,95.45,94.71
02/28/2025,95.32,11831520,95.09,95.36,94.90
02/27/2025,94.80,5907872,94.59,94.83,94.5525
02/26/2025,94.91,7380204,94.61,94.97,94.485
02/25/2025,94.65,7697169,94.50,94.6999,94.42
02/24/2025,93.91,4109676,93.62,93.9659,93.59
02/21/2025,93.71,6156516,93.28,93.83,93.265
02/20/2025,93.16,7545412,93.12,93.255,93.11
02/19/2025,92.97,4607048,92.77,93.01,92.765
02/18/2025,92.82,4484271,93.03,93.125,92.81
02/14/2025,93.32,5157925,93.365,93.51,93.28
02/13/2025,92.93,6122009,92.715,93.00,92.70
02/12/2025,92.24,7280368,92.26,92.32,92.08
02/11/2025,92.88,3379547,92.89,92.96,92.82
02/10/2025,93.12,3229142,93.24,93.37,93.065
02/07/2025,93.14,4565352,93.15,93.225,92.98
02/06/2025,93.45,5268575,93.46,93.58,93.31
02/05/2025,93.56,6576344,93.40,93.73,93.37
02/04/2025,93.02,6742390,92.60,93.02,92.595
02/03/2025,92.79,8294195,92.99,93.28,92.655
01/31/2025,93.02,6277534,93.20,93.34,92.81
01/30/2025,93.17,4365657,93.17,93.3151,93.08
01/29/2025,92.97,4918428,93.18,93.25,92.70
01/28/2025,93.08,3906811,92.84,93.10,92.775
01/27/2025,93.07,4297112,93.08,93.15,92.865
01/24/2025,92.47,4468718,92.25,92.5763,92.195
01/23/2025,92.28,4861149,92.13,92.3499,92.13
01/22/2025,92.52,3656353,92.72,92.7299,92.41
01/21/2025,92.76,4431278,92.75,92.825,92.61
01/17/2025,92.45,3912840,92.52,92.58,92.355
01/16/2025,92.38,7550852,92.08,92.58,91.95
01/15/2025,92.16,7846600,92.13,92.23,91.975
01/14/2025,91.20,4365899,91.21,91.28,91.08
01/13/2025,91.17,5094333,91.28,91.3099,91.08
01/10/2025,91.33,8210906,91.455,91.63,91.23
01/08/2025,92.00,6403066,91.71,92.02,91.685
01/07/2025,91.84,5524502,92.14,92.21,91.75
01/06/2025,92.26,3894803,92.24,92.3298,92.06
01/03/2025,92.35,2863727,92.60,92.665,92.3201
01/02/2025,92.50,5035296,92.65,92.775,92.31
12/31/2024,92.45,5856386,92.75,92.816,92.375
12/30/2024,92.62,4797651,92.53,92.67,92.515
12/27/2024,92.08,3752547,92.26,92.385,92.06
12/26/2024,92.32,3703370,91.96,92.36,91.925
12/24/2024,92.25,3076139,92.01,92.26,91.97
12/23/2024,92.20,5954541,92.54,92.58,92.13
12/20/2024,92.61,6070886,92.75,92.90,92.59
12/19/2024,92.27,9273761,92.38,92.44,92.115
12/18/2024,92.69,11553910,93.40,93.52,92.62
12/17/2024,93.72,4881129,93.70,93.87,93.67
12/16/2024,93.72,4607858,93.86,93.8713,93.62
12/13/2024,93.69,5230061,93.98,94.005,93.6438
12/12/2024,94.13,4518093,94.38,94.457,94.10
12/11/2024,94.49,6453019,94.91,95.00,94.46
12/10/2024,94.77,3543387,94.74,94.84,94.65
12/09/2024,94.94,4303131,95.145,95.16,94.94
12/06/2024,95.27,6880169,95.36,95.42,95.065
12/05/2024,94.97,5210320,94.70,95.03,94.70
12/04/2024,94.98,5908784,94.38,95.01,94.345
12/03/2024,94.62,5364829,94.99,95.025,94.56
12/02/2024,94.89,5950784,94.61,95.01,94.50
11/29/2024,95.19,5136170,95.13,95.20,95.00
11/27/2024,94.79,5587567,94.79,94.92,94.595
11/26/2024,94.41,5093056,94.41,94.44,94.2201
11/25/2024,94.61,7716050,94.46,94.635,94.315
11/22/2024,93.60,5373879,93.67,93.725,93.50
11/21/2024,93.54,5098247,93.66,93.83,93.42
11/20/2024,93.59,5752958,93.47,93.76,93.44
11/19/2024,93.73,4951585,93.82,93.88,93.685
11/18/2024,93.53,4788179,93.28,93.59,93.1735
11/15/2024,93.32,16794160,93.10,93.63,92.90
11/14/2024,93.28,7510284,93.44,93.66,93.17
11/13/2024,93.29,6662247,93.77,93.78,93.17
11/12/2024,93.35,8037912,93.57,93.76,93.235
11/11/2024,93.94,3980201,93.92,93.9551,93.775
11/08/2024,94.20,12335280,94.20,94.475,94.09
11/07/2024,94.00,15674130,93.63,94.1699,93.58
11/06/2024,93.25,15261500,93.04,93.5101,93.01
11/05/2024,94.22,8118519,94.05,94.335,93.735
11/04/2024,94.17,8179254,94.32,94.4371,93.9918
11/01/2024,93.67,15659470,94.365,94.46,93.64
10/31/2024,94.52,8662882,94.42,94.7011,94.215
10/30/2024,94.57,6341348,94.93,95.165,94.53
10/29/2024,94.71,8475405,94.27,94.725,94.222
10/28/2024,94.67,5447530,94.91,94.92,94.49
10/25/2024,94.89,6455354,95.31,95.32,94.82
10/24/2024,95.10,5486308,94.98,95.2599,94.87
10/23/2024,94.89,6914586,94.83,94.995,94.74
10/22/2024,95.11,5434026,95.32,95.375,95.031
10/21/2024,95.20,6633578,95.57,95.60,95.19
10/18/2024,95.94,5174808,95.99,96.045,95.92
10/17/2024,95.83,5460202,95.91,95.95,95.745
10/16/2024,96.33,5041122,96.36,96.46,96.27
10/15/2024,96.18,7736909,96.06,96.22,96.005
10/14/2024,95.69,3850877,95.46,95.69,95.405
10/11/2024,95.86,5394064,95.73,95.9546,95.68
10/10/2024,95.83,5958980,95.77,95.88,95.53
10/09/2024,95.84,6769233,96.03,96.08,95.79
10/08/2024,96.20,5975421,95.97,96.20,95.93
10/07/2024,96.12,10152570,96.11,96.27,96.07
10/04/2024,96.47,8890868,96.57,96.78,96.42
10/03/2024,97.41,11556110,97.65,97.72,97.38
10/02/2024,97.91,7742082,97.75,97.945,97.635
10/01/2024,98.19,11665730,98.17,98.47,98.0847
09/30/2024,98.12,8902750,98.315,98.345,97.96
09/27/2024,98.39,6207730,98.23,98.435,98.15
09/26/2024,98.00,8026728,98.15,98.20,97.835
09/25/2024,98.07,10455100,98.27,98.27,98.07
09/24/2024,98.47,6580863,98.09,98.50,98.0118
09/23/2024,98.36,7491882,98.22,98.45,97.985
09/20/2024,98.42,6580582,98.31,98.55,98.18
09/19/2024,98.45,16770780,98.26,98.465,98.22
09/18/2024,98.53,8584465,98.73,99.045,98.48
09/17/2024,98.96,7807027,99.08,99.14,98.8901
09/16/2024,99.14,6666977,98.99,99.18,98.869
09/13/2024,98.88,5305485,98.96,99.00,98.76
09/12/2024,98.69,5931331,98.77,98.88,98.505
09/11/2024,98.85,7286225,98.72,99.15,98.66
09/10/2024,98.92,7921368,98.51,98.97,98.49
09/09/2024,98.50,8532472,98.30,98.57,98.18
09/06/2024,98.36,17777570,98.26,98.85,98.02
09/05/2024,98.22,33635020,98.25,98.30,97.91
09/04/2024,97.99,9914865,97.53,98.04,97.502
09/03/2024,97.42,8232797,97.31,97.57,97.245
08/30/2024,97.07,4802608,97.43,97.5527,97.045
08/29/2024,97.41,6199798,97.36,97.45,97.26
08/28/2024,97.58,8147052,97.65,97.73,97.54
08/27/2024,97.63,4433681,97.405,97.695,97.36
08/26/2024,97.67,3062577,97.96,97.97,97.665
08/23/2024,97.79,5475416,97.54,97.86,97.425
08/22/2024,97.34,4819522,97.55,97.57,97.20
08/21/2024,97.79,5386005,97.69,98.0148,97.46
08/20/2024,97.59,4885998,97.44,97.625,97.355
08/19/2024,97.20,4437676,97.04,97.31,97.02
08/16/2024,97.07,4437050,97.08,97.09,96.81
08/15/2024,96.88,5507025,96.70,96.88,96.62
08/14/2024,97.49,4275696,97.32,97.625,97.30
08/13/2024,97.36,6458880,97.329,97.36,97.19
08/12/2024,96.93,4166444,96.54,96.975,96.475
08/09/2024,96.66,5174878,96.78,96.7899,96.58
08/08/2024,96.27,4856150,96.16,96.34,96.065
08/07/2024,96.56,8419746,96.63,96.727,96.375
08/06/2024,96.91,9506980,97.54,97.575,96.84
08/05/2024,97.78,19098200,98.39,98.58,97.4021
08/02/2024,97.68,18286540,97.19,97.75,97.13
08/01/2024,96.19,10492590,96.00,96.43,95.98
07/31/2024,96.07,10983120,95.65,96.08,95.445
07/30/2024,95.37,4419228,95.28,95.47,95.1099
07/29/2024,95.17,6165648,95.25,95.26,95.08
07/26/2024,95.01,5217511,94.96,95.04,94.87
07/25/2024,94.56,4335687,94.54,94.875,94.49
07/24/2024,94.35,4733695,94.73,94.88,94.335
07/23/2024,94.56,5095642,94.62,94.75,94.545
07/22/2024,94.49,3869786,94.69,94.7562,94.335
07/19/2024,94.58,5274384,94.63,94.70,94.53
07/18/2024,94.88,8640596,94.94,95.145,94.815
07/17/2024,95.15,5113487,94.93,95.21,94.84
07/16/2024,95.07,4705760,94.82,95.08,94.725
07/15/2024,94.65,3754450,94.71,94.83,94.57
07/12/2024,94.95,4304749,94.77,94.95,94.705
07/11/2024,94.75,9658543,94.82,94.98,94.71
07/10/2024,94.15,4076787,94.14,94.1981,94.005
07/09/2024,94.06,3006938,94.035,94.17,93.83
07/08/2024,94.19,5294604,94.13,94.2562,93.99
07/05/2024,94.16,5111502,93.97,94.22,93.845
07/03/2024,93.64,3860957,93.25,93.6799,93.20
07/02/2024,93.02,8195754,93.06,93.13,92.875
07/01/2024,92.67,13662770,92.84,93.11,92.58
06/28/2024,93.65,6032414,94.36,94.38,93.645
06/27/2024,94.15,4946574,94.12,94.24,94.11
06/26/2024,93.94,4196548,94.02,94.09,93.915
06/25/2024,94.51,3791592,94.37,94.55,94.325
06/24/2024,94.43,5276005,94.37,94.43,94.225
06/21/2024,94.35,7041996,94.51,94.60,94.18
06/20/2024,94.33,3573117,94.10,94.36,94.05
06/18/2024,94.57,5232579,94.32,94.68,94.28
06/17/2024,94.16,4957159,94.14,94.22,94.025
06/14/2024,94.60,5424633,94.51,94.69,94.46
06/13/2024,94.38,6529902,94.18,94.52,94.075
06/12/2024,93.76,9243216,94.08,94.32,93.74
06/11/2024,93.24,3954681,92.91,93.26,92.82
06/10/2024,92.75,3938887,92.78,92.84,92.6601
06/07/2024,92.95,7125085,93.14,93.16,92.94
06/06/2024,93.94,5849418,93.82,94.03,93.79
06/05/2024,93.98,6466820,93.76,93.99,93.4901
06/04/2024,93.64,8752020,93.44,93.73,93.38
06/03/2024,93.13,7675927,92.65,93.18,92.65
05/31/2024,92.80,4807468,92.65,92.815,92.61
05/30/2024,92.37,5069737,92.22,92.39,92.17
05/29/2024,91.91,10126800,92.13,92.135,91.72
05/28/2024,92.36,8761441,92.96,92.98,92.335
05/24/2024,92.88,3926449,92.67,92.89,92.64
05/23/2024,92.76,6005628,93.13,93.14,92.62
05/22/2024,93.09,3616386,92.98,93.20,92.97
05/21/2024,93.21,2669720,93.25,93.29,93.16
05/20/2024,92.97,4575850,92.98,93.06,92.935
05/17/2024,93.11,3883918,93.25,93.33,93.09
05/16/2024,93.40,4278520,93.61,93.61,93.37
05/15/2024,93.58,11384540,93.42,93.645,93.295
05/14/2024,92.88,4688884,92.79,92.92,92.69
05/13/2024,92.61,3228752,92.74,92.765,92.595
05/10/2024,92.50,3204980,92.60,92.635,92.45
05/09/2024,92.80,9625255,92.50,92.865,92.47
05/08/2024,92.52,9024132,92.58,92.66,92.51
05/07/2024,92.78,7776341,92.87,93.02,92.70
05/06/2024,92.54,4043450,92.50,92.64,92.41
05/03/2024,92.46,8501120,92.61,92.70,92.2201
05/02/2024,91.95,8661622,91.52,92.01,91.45
05/01/2024,91.52,12392510,91.43,91.86,91.19
04/30/2024,91.43,7516694,91.51,91.65,91.35
04/29/2024,91.86,4846458,91.70,91.88,91.62
04/26/2024,91.49,5432628,91.45,91.63,91.415
04/25/2024,91.24,5784322,91.09,91.325,91.02
04/24/2024,91.59,7567420,91.66,91.6879,91.435
04/23/2024,91.87,8319796,91.63,92.0999,91.54
04/22/2024,91.75,4002877,91.57,91.815,91.55
04/19/2024,91.74,6125766,91.84,91.86,91.641
04/18/2024,91.62,6964571,91.85,91.85,91.50
04/17/2024,91.94,10515440,91.69,92.01,91.54
04/16/2024,91.36,12027210,91.32,91.5304,91.18
04/15/2024,91.72,12315350,91.68,91.74,91.35
04/12/2024,92.31,11675570,92.41,92.56,92.305
04/11/2024,91.93,9371359,92.23,92.2696,91.81
04/10/2024,92.06,14993740,92.51,92.57,91.92
04/09/2024,93.30,5161272,93.20,93.375,93.20
04/08/2024,92.93,7115101,92.91,93.055,92.81
04/05/2024,93.14,6334570,93.25,93.5404,93.13
04/04/2024,93.76,6960538,93.64,93.78,93.38
04/03/2024,93.44,12907990,92.95,93.44,92.86
04/02/2024,93.33,7214909,93.11,93.37,93.015
04/01/2024,93.53,10853950,93.99,93.99,93.455
03/28/2024,94.66,7561418,94.54,94.765,94.475
03/27/2024,94.75,4838589,94.50,94.79,94.485
03/26/2024,94.39,5477636,94.22,94.41,94.11
03/25/2024,94.25,4488900,94.41,94.41,94.19
03/22/2024,94.50,6119779,94.56,94.56,94.41
03/21/2024,94.04,8271232,94.21,94.28,93.96
03/20/2024,94.03,10190770,93.91,94.35,93.70
03/19/2024,93.81,5470272,93.73,93.935,93.67
03/18/2024,93.54,5319684,93.62,93.70,93.45
03/15/2024,93.65,6591431,93.74,93.815,93.63
03/14/2024,93.81,10055930,94.16,94.165,93.79
03/13/2024,94.51,9708416,94.58,94.65,94.47
03/12/2024,94.72,6556452,94.84,94.8746,94.605
03/11/2024,95.11,5568211,95.26,95.29,95.02
03/08/2024,95.23,8103627,95.32,95.39,95.1501
03/07/2024,95.16,8420940,95.19,95.22,94.92
03/06/2024,95.00,9499167,94.94,95.19,94.89
03/05/2024,94.77,7673106,94.67,94.94,94.56
03/04/2024,94.19,6641557,94.08,94.29,94.07
03/01/2024,94.40,11857240,93.845,94.46,93.6229
02/29/2024,94.22,11919150,94.10,94.33,94.08
02/28/2024,94.03,5293604,93.80,94.03,93.74
02/27/2024,93.69,7540612,93.76,93.92,93.625
02/26/2024,93.90,6417187,94.05,94.06,93.68
02/23/2024,94.04,6426659,93.64,94.11,93.64
02/22/2024,93.61,8688496,93.57,93.79,93.44
02/21/2024,93.60,6448768,93.97,94.02,93.54
02/20/2024,93.90,8286331,93.93,94.12,93.89
02/16/2024,93.74,7147413,93.60,93.785,93.55
02/15/2024,94.15,6788279,94.30,94.40,94.025
02/14/2024,93.89,8979561,93.64,94.055,93.64
02/13/2024,93.54,11978410,93.88,93.965,93.52
02/12/2024,94.58,7023605,94.57,94.685,94.40
02/09/2024,94.49,8492535,94.43,94.57,94.40
02/08/2024,94.66,7808042,94.76,94.84,94.57
02/07/2024,94.97,8619805,94.97,95.35,94.935
02/06/2024,95.14,9327124,94.74,95.23,94.71
02/05/2024,94.63,12147890,94.90,94.99,94.525
02/02/2024,95.56,13809170,95.74,95.90,95.38
02/01/2024,96.82,33372970,96.60,97.1071,96.34
01/31/2024,96.46,15778340,96.09,96.475,95.99
01/30/2024,95.66,7265771,95.69,95.74,95.15
01/29/2024,95.53,6947475,95.25,95.62,95.18
01/26/2024,94.96,9134648,95.05,95.05,94.84
01/25/2024,95.13,11588120,95.05,95.16,94.90
01/24/2024,94.72,9718207,95.34,95.37,94.66
01/23/2024,94.99,6428563,95.00,95.0199,94.87
01/22/2024,95.23,9831545,95.28,95.39,95.15
01/19/2024,94.94,17711100,94.78,94.955,94.54
01/18/2024,94.93,8910077,95.10,95.17,94.83
01/17/2024,95.14,9170738,95.17,95.23,94.95
01/16/2024,95.45,9847101,95.84,95.96,95.315
01/12/2024,96.23,8469577,96.23,96.48,96.0243
01/11/2024,95.97,10305460,95.60,96.035,95.475
01/10/2024,95.46,9212705,95.79,95.86,95.44
01/09/2024,95.61,7360798,95.52,95.75,95.52
01/08/2024,95.65,7044680,95.39,95.96,95.355
01/05/2024,95.33,10001020,95.33,96.0161,95.26
01/04/2024,95.68,7354776,95.69,95.83,95.58
01/03/2024,96.26,11040480,95.61,96.335,95.525
01/02/2024,96.03,9443974,95.935,96.145,95.92
12/29/2023,96.39,7820460,96.35,96.64,96.29
12/28/2023,96.63,4858494,96.80,96.96,96.53
12/27/2023,97.00,7362435,96.66,97.04,96.585
12/26/2023,96.25,3342500,96.15,96.34,96.13
12/22/2023,96.19,4956413,96.46,96.475,96.05
12/21/2023,96.28,8939694,96.64,96.70,96.15
12/20/2023,96.43,12659130,96.18,96.49,95.98
12/19/2023,95.96,9047071,95.94,96.14,95.8921
12/18/2023,95.78,8634148,95.805,95.82,95.625
12/15/2023,95.99,9407065,95.89,96.145,95.84
12/14/2023,96.07,32373190,95.77,96.265,95.72
12/13/2023,95.56,16155210,94.44,95.68,94.37
12/12/2023,94.16,7247977,93.95,94.2197,93.856
12/11/2023,93.96,10484730,93.75,94.00,93.56
12/08/2023,93.95,13825360,94.03,94.15,93.73
12/07/2023,94.56,13730100,94.50,94.855,94.46
12/06/2023,94.70,14023440,94.52,94.79,94.41
12/05/2023,94.31,25452150,94.05,94.41,93.99
12/04/2023,93.65,16402190,93.68,93.89,93.45
12/01/2023,94.04,21393330,93.139,94.09,93.11
11/30/2023,93.41,18446650,93.52,93.55,93.215
11/29/2023,93.87,19075500,93.72,93.97,93.585
11/28/2023,93.38,13563430,92.86,93.4099,92.81
11/27/2023,92.97,9539761,92.55,92.975,92.485
11/24/2023,92.27,4125818,92.35,92.42,92.255
11/22/2023,92.75,7255180,92.92,92.99,92.52
11/21/2023,92.78,9153441,92.77,92.91,92.54
11/20/2023,92.66,7481261,92.34,92.7201,92.3101
11/17/2023,92.53,8462016,92.58,92.63,92.345
11/16/2023,92.47,10375700,92.32,92.61,92.31
11/15/2023,91.78,12969430,92.05,92.06,91.695
11/14/2023,92.50,14313580,92.43,92.565,92.28
11/13/2023,91.13,8930210,90.83,91.1558,90.685
11/10/2023,91.18,10675220,91.46,91.475,91.08
11/09/2023,91.08,17067910,91.83,91.84,91.025
11/08/2023,91.99,11117610,91.64,92.075,91.63
11/07/2023,91.62,13189640,91.39,91.815,91.39
11/06/2023,91.10,11246680,91.29,91.32,90.995
11/03/2023,91.63,23133730,92.04,92.24,91.62
11/02/2023,90.93,14046260,91.06,91.22,90.725
11/01/2023,90.37,22448890,89.60,90.42,89.555
10/31/2023,89.59,11574740,89.83,90.02,89.57
10/30/2023,89.78,11022500,89.64,89.93,89.48
10/27/2023,90.08,11628240,89.87,90.085,89.705
10/26/2023,89.94,15901250,89.35,89.9754,89.33
10/25/2023,89.26,15170220,89.58,89.61,89.15
10/24/2023,90.05,10906210,89.82,90.06,89.61
10/23/2023,89.89,12365030,89.15,90.00,89.01
10/20/2023,89.465,12587090,89.27,89.60,89.25
10/19/2023,88.95,27116690,89.14,89.50,88.855
10/18/2023,89.39,13794270,89.56,89.69,89.235
10/17/2023,89.81,11191780,89.90,90.04,89.645
10/16/2023,90.70,7248036,90.705,90.77,90.58
10/13/2023,91.24,9873609,91.32,91.355,91.06
10/12/2023,90.66,12856110,91.34,91.39,90.545
10/11/2023,91.54,14815770,91.40,91.60,91.20
10/10/2023,91.04,11508310,90.76,91.29,90.65
10/09/2023,91.22,5816713,90.75,91.22,90.605
10/06/2023,90.07,12257100,89.77,90.355,89.685
10/05/2023,90.60,11315860,90.64,90.66,90.414
10/04/2023,90.43,14054040,90.135,90.48,89.9328
10/03/2023,89.86,21364800,90.42,90.59,89.81
10/02/2023,90.61,21010030,90.89,90.99,90.495
09/29/2023,91.59,13488330,91.95,92.04,91.45
09/28/2023,91.57,11654610,91.11,91.59,90.853
09/27/2023,91.32,10586300,91.97,92.01,91.075
09/26/2023,91.73,8281800,91.93,91.99,91.6237
09/25/2023,91.76,11712010,91.85,92.02,91.7246
09/22/2023,92.44,8637839,92.17,92.52,92.095
09/21/2023,92.08,8707579,92.13,92.22,92.0201
09/20/2023,92.77,10752260,93.10,93.2353,92.75
09/19/2023,92.84,7537027,92.97,93.14,92.80
09/18/2023,93.18,4622245,92.97,93.245,92.97
09/15/2023,93.09,9367838,93.225,93.285,93.021
09/14/2023,93.38,6421038,93.66,93.74,93.32
09/13/2023,93.59,6675435,93.335,93.72,93.3155
09/12/2023,93.48,4998480,93.38,93.495,93.27
09/11/2023,93.35,4321699,93.31,93.435,93.24
09/08/2023,93.51,4648504,93.72,93.86,93.465
09/07/2023,93.49,7137513,93.39,93.53,93.29
09/06/2023,93.17,7344118,93.57,93.585,93.1204
09/05/2023,93.41,4993448,93.71,93.72,93.37
09/01/2023,93.98,7746609,94.57,94.58,93.86
08/31/2023,94.80,6167266,94.72,94.94,94.63
08/30/2023,94.61,6346718,94.74,94.79,94.5545
08/29/2023,94.62,7064217,93.73,94.66,93.711
08/28/2023,93.95,3301686,93.91,93.98,93.71
08/25/2023,93.69,7895753,93.59,93.93,93.34
08/24/2023,93.72,5735830,93.78,94.05,93.694
08/23/2023,94.07,8550555,93.625,94.07,93.595
08/22/2023,93.06,6331000,92.94,93.16,92.845
08/21/2023,93.02,10863980,93.16,93.20,92.91
08/18/2023,93.60,7510525,93.49,93.81,93.44
08/17/2023,93.32,9858385,93.405,93.47,93.0637
08/16/2023,93.44,7199622,93.775,94.00,93.3732
08/15/2023,93.80,9602560,93.88,94.1755,93.75
08/14/2023,93.98,6218447,93.98,94.2553,93.775
08/11/2023,94.13,5915033,94.24,94.5621,94.09
08/10/2023,94.63,8462102,95.36,95.538,94.62
08/09/2023,95.36,5317352,95.30,95.5156,95.26
08/08/2023,95.30,5401492,95.31,95.54,95.19
08/07/2023,94.82,4007413,94.93,94.98,94.7122
08/04/2023,95.05,10190060,94.40,95.13,94.40
08/03/2023,94.05,11058190,94.11,94.245,93.9602
08/02/2023,94.75,8009186,94.66,94.785,94.36
08/01/2023,94.94,7714495,95.04,95.18,94.78
07/31/2023,95.74,6347597,95.58,95.905,95.57
07/28/2023,95.62,5794206,95.53,95.74,95.44
07/27/2023,95.31,8522842,95.99,96.10,95.175
07/26/2023,96.36,4880153,96.25,96.41,95.97
07/25/2023,96.03,4079509,95.83,96.0855,95.82
07/24/2023,96.21,7451172,96.61,96.71,96.17
07/21/2023,96.44,4560175,96.57,96.66,96.41
07/20/2023,96.36,9486701,96.63,96.67,96.19
07/19/2023,97.13,5059394,96.975,97.19,96.79
07/18/2023,96.80,3626466,97.00,97.12,96.7401
07/17/2023,96.69,3182374,96.60,96.775,96.48
07/14/2023,96.53,7491062,96.80,96.915,96.4925
07/13/2023,97.01,9742728,96.675,97.07,96.575
07/12/2023,96.21,8255066,95.91,96.34,95.77
07/11/2023,95.28,6327171,95.26,95.42,95.13
07/10/2023,95.08,6622657,94.74,95.22,94.73
07/07/2023,94.59,6577624,94.575,94.945,94.54
07/06/2023,94.71,9285229,94.76,94.86,94.36
07/05/2023,95.49,10186200,95.95,96.00,95.37
07/03/2023,95.95,4685957,96.315,96.62,95.95
06/30/2023,96.60,7450786,96.42,96.655,96.305
06/29/2023,96.39,8268789,96.505,96.58,96.22
06/28/2023,97.39,5257355,97.14,97.43,96.95
06/27/2023,97.00,4752458,97.32,97.495,96.8694
06/26/2023,97.34,2976587,97.35,97.4255,97.16
06/23/2023,97.10,4112143,97.465,97.50,96.975
06/22/2023,96.70,4102148,96.96,97.125,96.6278
06/21/2023,97.25,5119647,96.90,97.33,96.75
06/20/2023,97.16,5477521,97.05,97.39,97.05
06/16/2023,96.87,6538076,96.81,97.05,96.59
06/15/2023,97.29,5959311,97.11,97.36,96.98
06/14/2023,96.54,7704389,96.70,96.83,96.175
06/13/2023,96.41,9173507,97.25,97.32,96.26
06/12/2023,97.10,5261660,97.09,97.115,96.67
06/09/2023,96.94,6421876,96.96,97.08,96.77
06/08/2023,97.29,5841899,96.81,97.31,96.77
06/07/2023,96.64,8226649,97.215,97.32,96.54
06/06/2023,97.35,3986269,97.33,97.375,97.06
06/05/2023,97.29,6243050,96.92,97.56,96.82
06/02/2023,97.32,7585448,97.93,97.96,97.24
06/01/2023,98.10,18161560,98.115,98.38,97.9732
05/31/2023,98.06,10817910,97.75,98.205,97.615
05/30/2023,97.69,7882984,97.22,97.69,97.145
05/26/2023,96.93,7408900,96.60,96.93,96.39
05/25/2023,96.75,11647750,97.18,97.26,96.67
05/24/2023,97.36,7415494,97.725,97.77,97.31
05/23/2023,97.61,8264266,97.31,97.73,97.23
05/22/2023,97.45,7034752,97.65,97.895,97.40
05/19/2023,97.63,12923500,97.65,98.10,97.455
05/18/2023,98.00,9448919,98.25,98.26,97.96
05/17/2023,98.61,5542595,98.99,99.02,98.49
05/16/2023,98.93,7194048,98.865,98.995,98.65
05/15/2023,99.25,4459070,99.19,99.25,99.12
05/12/2023,99.47,5107312,99.99,100.07,99.44
05/11/2023,100.07,5979642,100.29,100.41,99.96
05/10/2023,99.70,9930757,99.41,99.78,99.40
05/09/2023,98.96,7317240,99.07,99.165,98.9424
05/08/2023,99.08,7022484,99.07,99.29,99.03
05/05/2023,99.69,11254380,99.65,99.73,99.44
05/04/2023,100.23,12014120,99.98,100.80,99.96
05/03/2023,100.25,9534804,99.87,100.28,99.6935
05/02/2023,99.60,8540678,98.66,99.63,98.60
05/01/2023,98.32,17442070,99.11,99.17,98.19
04/28/2023,99.73,8525911,99.59,99.74,99.37
04/27/2023,98.99,5065839,99.23,99.28,98.88
04/26/2023,99.64,5902987,100.01,100.13,99.485
04/25/2023,100.03,13076810,99.61,100.07,99.59
04/24/2023,99.05,5143745,98.84,99.07,98.77
04/21/2023,98.57,5948165,99.02,99.10,98.49
04/20/2023,98.81,4607978,98.78,98.8874,98.68
04/19/2023,98.24,4648100,98.22,98.31,97.98
04/18/2023,98.45,5061415,98.32,98.67,98.30
04/17/2023,98.29,5681007,98.54,98.60,98.26
04/14/2023,98.92,4968542,99.08,99.10,98.79
04/13/2023,99.41,39858220,99.90,100.065,99.33
04/12/2023,99.74,5857167,99.91,99.95,99.29
04/11/2023,99.45,5458997,99.565,99.58,99.22
04/10/2023,99.49,6025074,99.69,99.755,99.37
04/06/2023,100.48,4264689,100.49,100.72,100.46
04/05/2023,100.45,6257056,100.40,100.765,100.3001
04/04/2023,100.03,6763202,98.97,100.14,98.95
04/03/2023,99.39,7226622,98.81,99.56,98.735
03/31/2023,99.12,6330052,98.74,99.185,98.58
03/30/2023,98.58,4157547,98.34,98.67,98.31
03/29/2023,98.43,13404760,98.23,98.62,98.19
03/28/2023,98.60,13324800,98.452,98.745,98.36
03/27/2023,98.66,8284356,98.94,99.14,98.625
03/24/2023,99.89,9135980,100.44,100.58,99.76
03/23/2023,99.86,7118827,99.13,99.94,98.98
03/22/2023,99.29,10705180,97.83,99.37,97.7499
03/21/2023,98.00,9851679,98.18,98.455,97.86
03/20/2023,98.86,7982461,99.42,99.43,98.63
03/17/2023,99.26,12293850,98.86,99.625,98.77
03/16/2023,98.10,14243230,99.53,99.76,97.98
03/15/2023,98.99,25157370,99.255,99.78,98.52
03/14/2023,97.58,47886760,98.09,98.18,97.38
03/13/2023,98.51,23930590,98.95,99.415,98.14
03/10/2023,97.33,11041270,96.81,97.415,96.67
03/09/2023,95.57,12498890,95.14,95.72,95.08
03/08/2023,94.98,5163480,95.38,95.56,94.86
03/07/2023,95.01,5053288,95.17,95.29,94.78
03/06/2023,95.00,3766424,95.39,95.42,94.9343
03/03/2023,95.17,5696994,94.91,95.17,94.63
03/02/2023,94.41,12952840,94.29,94.49,94.21
03/01/2023,94.80,8328617,95.135,95.30,94.75
02/28/2023,95.76,4690209,95.32,95.79,95.195
02/27/2023,95.61,3693234,95.66,95.76,95.45
02/24/2023,95.32,10757150,95.29,95.45,95.11
02/23/2023,95.90,7059763,95.56,96.00,95.51
02/22/2023,95.53,30136620,95.64,95.81,95.48
02/21/2023,95.36,11382100,95.75,95.83,95.335
02/17/2023,96.41,4540507,95.925,96.435,95.8999
02/16/2023,96.14,27126360,96.23,96.43,96.05
02/15/2023,96.46,4964758,96.58,96.795,96.33
02/14/2023,96.75,7133647,96.89,97.1161,96.49
02/13/2023,97.19,17262290,96.97,97.24,96.95
02/10/2023,96.96,5290058,97.35,97.38,96.89
02/09/2023,97.43,7358257,98.12,98.14,97.32
02/08/2023,97.87,6137619,97.61,97.88,97.40
02/07/2023,97.51,5678915,97.65,98.13,97.46
02/06/2023,97.75,5500522,97.90,98.04,97.70
02/03/2023,98.60,5267001,98.81,99.00,98.47
02/02/2023,99.67,5822979,100.02,100.205,99.6445
02/01/2023,99.71,20159130,99.20,99.77,98.83
01/31/2023,99.21,4856456,99.16,99.25,98.74
01/30/2023,98.71,2584607,98.74,98.95,98.6579
01/27/2023,99.02,5524111,98.80,99.02,98.77
01/26/2023,99.17,2875361,99.34,99.525,99.0301
01/25/2023,99.53,2924706,99.49,99.73,99.21
01/24/2023,99.42,3540326,98.98,99.435,98.65
01/23/2023,98.85,4334933,98.84,99.14,98.805
01/20/2023,99.17,8822676,99.32,99.445,99.06
01/19/2023,99.83,4234128,99.82,99.978,99.63
01/18/2023,100.02,7926409,99.87,100.06,99.55
01/17/2023,98.68,3708960,98.66,99.0247,98.64
01/13/2023,98.99,5573709,99.26,99.50,98.86
01/12/2023,99.52,5767999,98.96,99.52,98.48
01/11/2023,98.64,7118680,98.30,98.66,98.24
01/10/2023,98.01,4027039,98.22,98.33,97.825
01/09/2023,98.63,4988013,98.26,98.81,98.20
01/06/2023,98.38,6807822,97.17,98.43,97.08
01/05/2023,97.13,3177933,96.70,97.22,96.5697
01/04/2023,97.27,7800088,97.34,97.42,96.99
01/03/2023,96.53,6808415,96.91,96.995,96.34
12/30/2022,95.78,5043765,95.86,96.27,95.615
12/29/2022,96.18,4021775,95.97,96.265,95.915
12/28/2022,95.71,3161308,96.08,96.16,95.69
12/27/2022,95.94,4780840,96.22,96.41,95.90
12/23/2022,96.75,3164920,96.73,96.95,96.69
12/22/2022,97.19,2143083,97.24,97.48,97.14
12/21/2022,97.22,4406708,97.50,97.54,97.0852
12/20/2022,97.10,4199794,97.08,97.31,96.99
12/19/2022,97.81,3951062,98.05,98.06,97.73
12/16/2022,98.61,4432835,98.17,98.79,98.07
12/15/2022,98.86,4344188,98.81,99.01,98.55
12/14/2022,98.86,6533229,98.65,98.99,98.205
12/13/2022,98.59,7856616,99.14,99.26,98.495
12/12/2022,97.71,5192157,98.30,98.39,97.5841
12/09/2022,97.85,4343137,98.29,98.37,97.85
12/08/2022,98.58,5325780,98.62,98.875,98.45
12/07/2022,99.14,5386178,98.68,99.25,98.62
12/06/2022,98.28,5745527,97.93,98.41,97.845
12/05/2022,97.68,6295805,98.09,98.13,97.63
12/02/2022,98.68,5783829,97.92,98.69,97.61
12/01/2022,98.48,17629330,97.60,98.50,97.57
11/30/2022,97.61,7127202,96.57,97.61,96.40
11/29/2022,96.74,3356557,96.76,97.075,96.705
11/28/2022,97.15,4218401,97.22,97.35,97.01
11/25/2022,97.11,1345415,96.87,97.12,96.845
11/23/2022,97.14,5236519,96.75,97.18,96.65
11/22/2022,96.62,5532830,96.48,96.715,96.375
11/21/2022,96.07,4477700,96.54,96.605,96.04
11/18/2022,96.13,3102083,96.47,96.59,96.105
11/17/2022,96.47,5987899,96.53,96.63,96.26
11/16/2022,97.13,6140320,96.87,97.225,96.64
11/15/2022,96.42,6841567,96.18,96.49,95.94
11/14/2022,95.71,4130820,95.84,95.845,95.53
11/11/2022,95.94,2840252,95.70,96.0599,95.65
11/10/2022,96.14,9608306,95.43,96.18,95.43
11/09/2022,94.03,3658160,93.605,94.09,93.54
11/08/2022,93.71,4679234,93.35,93.88,93.32
11/07/2022,93.09,4289404,93.535,93.59,93.07
11/04/2022,93.42,5286954,93.64,93.95,93.40
11/03/2022,93.62,8403863,93.19,93.7935,93.18
11/02/2022,94.03,7582847,94.31,94.8701,93.79
11/01/2022,94.19,6066392,94.96,94.99,94.03
10/31/2022,94.41,4586910,94.43,94.56,94.01
10/28/2022,94.84,5659890,94.72,95.19,94.575
10/27/2022,95.33,7238058,94.96,95.465,94.67
10/26/2022,94.66,6692729,94.41,94.82,94.40
10/25/2022,94.18,6301456,94.04,94.44,93.96
10/24/2022,93.02,6210821,93.11,93.43,92.69
10/21/2022,93.14,7528699,92.60,93.325,92.48
10/20/2022,92.93,5738416,93.41,93.65,92.855
10/19/2022,93.63,5762580,93.88,94.0727,93.56
10/18/2022,94.62,4006711,94.63,94.80,94.07
10/17/2022,94.38,3215298,94.96,95.1101,94.325
10/14/2022,94.28,5887204,95.32,95.33,94.23
10/13/2022,94.81,6220120,93.98,95.24,93.97
10/12/2022,95.21,5847436,94.77,95.335,94.71
10/11/2022,94.90,5498458,94.98,95.43,94.64
10/10/2022,94.66,3829094,95.08,95.14,94.32
10/07/2022,95.22,5085329,95.19,95.53,95.07
10/06/2022,95.69,11298410,96.06,96.185,95.56
10/05/2022,96.22,8603709,96.555,96.59,95.98
10/04/2022,97.14,7361532,97.33,97.695,96.96
10/03/2022,96.94,10579880,96.72,97.65,96.49
09/30/2022,95.99,8847218,96.66,96.88,95.66
09/29/2022,96.24,6056493,95.98,96.58,95.89
09/28/2022,96.69,8471718,95.90,96.795,95.52
09/27/2022,94.56,8668410,95.24,95.3478,94.51
09/26/2022,95.21,8015481,96.29,96.30,95.07
09/23/2022,96.82,7630610,96.66,96.97,96.28
09/22/2022,96.70,6662421,97.16,97.22,96.585
09/21/2022,98.18,5414996,97.96,98.28,97.295
09/20/2022,97.79,4869090,97.70,98.04,97.535
09/19/2022,98.40,3879134,98.31,98.605,98.24
09/16/2022,98.68,4718232,98.515,98.99,98.45
09/15/2022,98.60,4622779,98.67,98.79,98.495
09/14/2022,98.94,3866587,98.74,99.18,98.69
09/13/2022,98.89,5100569,98.76,98.95,98.645
09/12/2022,99.45,4034248,99.97,100.05,99.27
09/09/2022,99.69,5780565,99.90,100.09,99.57
09/08/2022,99.68,5773615,100.04,100.26,99.68
09/07/2022,100.05,7169671,99.79,100.165,99.74
09/06/2022,99.40,6769381,99.905,99.935,99.35
09/02/2022,100.52,5741927,100.36,100.79,100.22
09/01/2022,99.96,10324200,100.09,100.31,99.73
08/31/2022,100.94,5797640,101.21,101.44,100.77
08/30/2022,101.36,4474194,101.385,101.72,101.02
08/29/2022,101.39,4416992,101.58,101.58,101.25
08/26/2022,101.97,5535934,101.86,102.23,101.62
08/25/2022,102.09,6645347,101.52,102.13,101.39
08/24/2022,101.44,3504616,101.54,101.64,101.29
08/23/2022,101.78,7754962,101.86,102.49,101.71
08/22/2022,102.03,4125859,102.40,102.45,101.975
08/19/2022,102.48,6678038,102.62,102.685,102.36
08/18/2022,103.37,3709246,103.445,103.73,103.28
08/17/2022,103.17,6366714,103.31,103.36,102.96
08/16/2022,103.87,3241813,103.79,103.91,103.39
08/15/2022,103.99,3441062,104.17,104.325,103.95
08/12/2022,103.66,4128621,103.65,103.695,103.32
08/11/2022,103.25,8309720,104.18,104.29,103.14
08/10/2022,103.94,7260376,104.35,104.71,103.93
08/09/2022,103.88,3814754,103.90,104.079,103.78
08/08/2022,104.19,6681347,104.00,104.2375,103.91
08/05/2022,103.58,10047170,103.73,103.765,103.35
08/04/2022,105.10,9873247,104.68,105.125,104.53
08/03/2022,104.57,7829524,103.975,104.58,103.425
08/02/2022,104.14,9269682,105.56,105.745,104.07
08/01/2022,105.60,9672404,105.29,105.67,105.13
07/29/2022,105.17,5961106,104.92,105.575,104.81
07/28/2022,105.13,5768201,105.10,105.32,104.745
07/27/2022,104.10,7475304,104.14,104.61,104.02
07/26/2022,103.89,4736256,104.55,104.695,103.85
07/25/2022,103.85,2994530,103.58,103.90,103.55
07/22/2022,104.22,7747077,104.00,104.46,103.82
07/21/2022,103.04,5344313,102.29,103.04,102.19
07/20/2022,101.88,53057460,102.48,102.49,101.80
07/19/2022,101.98,2996099,102.32,102.41,101.88
07/18/2022,102.45,3150744,102.42,102.6031,102.03
07/15/2022,102.75,3833968,102.47,102.99,102.44
07/14/2022,102.40,5370365,102.20,102.64,101.93
07/13/2022,102.97,6809436,101.91,103.0514,101.775
07/12/2022,102.53,3669155,102.83,103.03,102.45
07/11/2022,102.29,2765728,102.03,102.455,101.975
07/08/2022,101.49,3664901,101.83,101.84,101.3674
07/07/2022,102.11,4058159,102.77,102.77,102.03
07/06/2022,102.74,4754749,104.00,104.01,102.72
07/05/2022,103.62,6651364,103.75,104.02,103.44
07/01/2022,103.24,63222910,103.12,103.97,102.98
06/30/2022,102.30,5409539,102.10,102.54,102.01
06/29/2022,101.52,3559628,100.88,101.52,100.79
06/28/2022,100.71,3763301,100.47,100.7403,100.325
06/27/2022,100.58,5439411,100.57,101.02,100.45
06/24/2022,101.15,5127019,101.38,101.76,101.07
06/23/2022,101.51,9247185,101.56,102.17,101.395
06/22/2022,100.94,9501917,100.84,101.12,100.71
06/21/2022,99.68,10342130,99.66,99.945,99.5548
06/17/2022,100.20,7029837,100.26,100.46,99.55
06/16/2022,100.17,9168800,98.55,100.22,98.425
06/15/2022,99.52,10256230,98.95,99.56,98.40
06/14/2022,98.15,7829774,99.16,99.295,97.985
06/13/2022,98.94,9200783,99.66,99.80,98.42
06/10/2022,100.73,4443384,101.21,101.31,100.595
06/09/2022,101.73,4178574,101.69,101.94,101.51
06/08/2022,101.82,2917888,102.01,102.17,101.805
06/07/2022,102.20,3229975,102.055,102.43,102.0392
06/06/2022,101.79,4800608,102.31,102.405,101.73
06/03/2022,102.56,2687752,102.36,102.65,102.33
06/02/2022,102.76,3014275,102.91,102.92,102.515
06/01/2022,102.61,5555956,103.265,103.37,102.42
05/31/2022,103.32,6773169,103.615,103.63,103.15
05/27/2022,104.41,2508247,104.45,104.59,104.22
05/26/2022,104.26,3478872,104.365,104.41,103.875
05/25/2022,104.31,4274490,104.47,104.47,104.065
05/24/2022,104.10,6786630,103.74,104.4701,103.71
05/23/2022,103.21,5720619,103.57,103.77,103.20
05/20/2022,103.84,5908822,103.30,103.9899,103.27
05/19/2022,103.36,5137634,103.90,103.93,103.28
05/18/2022,102.99,4465536,102.26,103.10,102.1909
05/17/2022,102.26,4286767,102.35,102.65,102.23
05/16/2022,103.04,3315594,102.98,103.325,102.87
05/13/2022,102.61,6016939,102.87,102.94,102.5533
05/12/2022,103.15,8132398,103.12,103.57,103.0065
05/11/2022,102.81,7168081,101.93,102.85,101.7939
05/10/2022,102.18,8054607,102.31,102.575,102.115
05/09/2022,101.84,7301184,101.14,101.89,101.09
05/06/2022,101.09,12538480,101.15,101.605,100.99
05/05/2022,101.67,11675660,101.89,102.03,101.1543
05/04/2022,102.70,11934820,102.00,102.78,101.805
05/03/2022,102.04,8129054,102.52,102.60,102.015
05/02/2022,101.92,11326980,102.15,102.22,101.82
04/29/2022,102.81,10012550,102.60,103.21,102.55
04/28/2022,103.36,6943626,103.16,103.39,102.96
04/27/2022,103.51,7908948,104.03,104.125,103.46
04/26/2022,104.09,9575391,104.098,104.27,103.763
04/25/2022,103.40,8617430,103.55,103.975,103.34
04/22/2022,102.74,5451645,102.43,103.02,102.38
04/21/2022,102.69,9137476,102.97,102.98,102.27
04/20/2022,103.26,7479322,102.88,103.42,102.76
04/19/2022,102.46,7004936,102.74,102.93,102.39
04/18/2022,103.14,4591539,103.53,103.545,103.11
04/14/2022,103.44,6158698,104.23,104.27,103.32
04/13/2022,104.38,6346090,104.44,104.91,104.31
04/12/2022,104.15,12211020,104.19,104.585,104.025
04/11/2022,103.65,7356350,103.78,103.90,103.52
04/08/2022,104.15,8091848,104.08,104.42,103.995
04/07/2022,104.68,5518941,104.68,104.97,104.46
04/06/2022,104.94,9054356,104.65,105.315,104.65
04/05/2022,105.31,9675572,106.27,106.29,105.20
04/04/2022,106.58,7372066,106.76,106.78,106.38
04/01/2022,106.65,10237030,106.31,107.01,106.2001
03/31/2022,107.47,9147177,107.43,107.62,107.27
03/30/2022,107.27,6430112,106.63,107.30,106.56
03/29/2022,106.85,7539944,106.58,106.98,106.35
03/28/2022,106.32,12858520,106.25,106.695,106.122
03/25/2022,106.08,9055632,106.69,106.70,105.97
03/24/2022,107.18,11112420,107.15,107.50,107.11
03/23/2022,107.78,11222700,107.32,107.78,107.09
03/22/2022,107.06,7710542,107.20,107.24,106.97
03/21/2022,107.65,11003620,108.28,108.445,107.5705
03/18/2022,109.07,7509184,108.93,109.22,108.93
03/17/2022,108.75,7215919,109.03,109.24,108.55
03/16/2022,108.96,12847340,109.00,109.12,108.245
03/15/2022,109.11,9294415,109.74,109.80,109.03
03/14/2022,109.16,8622452,109.67,109.74,109.16
03/11/2022,110.56,5567585,110.47,110.70,110.35
03/10/2022,110.59,11100080,110.72,110.8302,110.36
03/09/2022,111.10,7932293,111.33,111.43,110.98
03/08/2022,111.79,10819360,111.87,112.07,111.645
03/07/2022,112.52,13633210,112.465,113.08,112.44
03/04/2022,113.00,20102300,112.88,113.30,112.765
03/03/2022,111.89,12247430,111.685,112.10,111.49
03/02/2022,111.41,12303860,112.46,112.56,111.39
03/01/2022,113.11,28285720,112.60,113.485,112.55
02/28/2022,112.12,12291800,111.62,112.14,111.58
02/25/2022,110.86,8101899,110.72,110.88,110.48
02/24/2022,110.89,19162080,111.52,111.545,110.73
02/23/2022,110.63,7941866,110.80,110.90,110.51
02/22/2022,111.21,8392502,110.97,111.22,110.84
02/18/2022,111.22,8486765,111.04,111.23,110.965
02/17/2022,110.86,8749505,110.53,110.90,110.52
02/16/2022,110.27,9007650,110.32,110.344,109.94
02/15/2022,110.04,8490464,110.05,110.2363,109.96
02/14/2022,110.37,11090030,110.54,110.83,110.2099
02/11/2022,111.14,18315580,110.47,111.23,109.92
02/10/2022,110.00,16633870,110.612,110.68,109.96
02/09/2022,111.02,10113530,111.13,111.37,110.98
02/08/2022,110.87,8111521,110.93,110.99,110.81
02/07/2022,111.23,10294740,111.23,111.345,111.09
02/04/2022,111.20,8616554,111.42,111.45,111.09
02/03/2022,112.06,8032554,112.04,112.16,111.92
02/02/2022,112.54,5997130,112.40,112.813,112.40
02/01/2022,112.31,16338720,112.50,112.54,112.13
01/31/2022,112.57,8258562,112.36,112.65,112.29
01/28/2022,112.57,6713486,112.15,112.66,112.12
01/27/2022,112.31,11609490,112.11,112.52,112.09
01/26/2022,111.84,12694730,112.66,112.7614,111.84
01/25/2022,112.64,13533980,112.89,113.085,112.5737
01/24/2022,112.79,22377390,113.24,113.285,112.77
01/21/2022,112.89,13250060,112.87,113.05,112.65
01/20/2022,112.24,8297375,112.175,112.24,112.03
01/19/2022,112.00,10349730,111.91,112.2152,111.8448
01/18/2022,111.73,11594140,112.10,112.195,111.69
01/14/2022,112.58,10595680,113.07,113.09,112.545
01/13/2022,113.36,8431067,113.07,113.40,112.975
01/12/2022,113.00,7996516,113.17,113.43,112.98
01/11/2022,112.98,8086509,112.66,112.99,112.5601
01/10/2022,112.71,8430717,112.45,112.75,112.38
01/07/2022,112.74,13318190,112.96,113.00,112.47
01/06/2022,113.11,10957420,113.13,113.2078,112.98
01/05/2022,113.39,13715710,113.89,113.90,113.31
01/04/2022,113.87,15911820,113.67,113.89,113.58
01/03/2022,113.93,27744660,114.37,114.41,113.93
12/31/2021,115.00,7584498,115.16,115.31,115.00
12/30/2021,115.13,10296000,114.98,115.14,114.79
12/29/2021,114.75,11879910,114.97,115.07,114.665
12/28/2021,115.34,8314510,115.55,115.58,115.28
12/27/2021,115.36,3472284,115.28,115.42,115.25
12/23/2021,115.32,7209701,115.48,115.49,115.18
12/22/2021,115.56,5538181,115.63,115.64,115.335
12/21/2021,115.45,7672779,115.49,115.54,115.23
12/20/2021,115.91,13772090,116.20,116.35,115.88
12/17/2021,116.01,7933070,116.12,116.335,115.94
12/16/2021,115.75,9085402,115.58,115.905,115.5584
12/15/2021,115.52,8428019,115.41,115.73,115.28
12/14/2021,115.69,4749517,115.65,115.805,115.4305
12/13/2021,115.89,5706947,115.63,115.985,115.61
12/10/2021,115.34,5051553,115.44,115.655,115.28
12/09/2021,115.26,9198395,115.25,115.44,115.10
12/08/2021,114.97,11126600,115.17,115.20,114.815
12/07/2021,115.34,7678396,115.46,115.70,115.255
12/06/2021,115.78,9863270,116.19,116.28,115.65
12/03/2021,116.36,19790960,115.49,116.64,115.39
12/02/2021,115.68,11448860,115.90,115.95,115.41
12/01/2021,115.93,24991560,115.298,115.93,115.155
11/30/2021,115.80,19416790,115.82,116.145,115.22
11/29/2021,115.11,13908210,114.692,115.195,114.66
11/26/2021,115.37,13878530,114.98,115.39,114.92
11/24/2021,113.90,8322907,113.57,113.92,113.50
11/23/2021,113.55,11543700,113.82,113.88,113.55
11/22/2021,114.02,10876190,114.33,114.435,113.945
11/19/2021,114.86,10731620,114.92,115.11,114.79
11/18/2021,114.55,10183370,114.31,114.58,114.29
11/17/2021,114.48,10006200,114.07,114.49,114.05
11/16/2021,114.07,6573729,114.18,114.40,114.05
11/15/2021,114.17,8021394,114.55,114.5786,114.13
11/12/2021,114.62,10613440,114.80,114.94,114.52
11/11/2021,114.38,3746050,114.75,114.80,114.38
11/10/2021,114.75,19425110,115.54,115.57,114.54
11/09/2021,115.74,12345440,115.695,115.98,115.65
11/08/2021,115.21,7404312,115.52,115.52,115.16
11/05/2021,115.71,12955130,115.335,115.81,115.22
11/04/2021,115.08,12665430,114.66,115.17,114.66
11/03/2021,114.46,17031090,114.84,114.88,114.27
11/02/2021,114.82,12191080,114.67,114.96,114.66
11/01/2021,114.54,14479010,114.22,114.63,114.19
10/29/2021,114.63,11254320,114.27,114.86,114.19
10/28/2021,114.58,9940418,114.76,114.91,114.46
10/27/2021,114.88,16140260,114.64,115.06,114.32
10/26/2021,114.24,5603077,114.12,114.24,113.90
10/25/2021,114.10,4835094,113.98,114.22,113.98
10/22/2021,113.96,10204560,113.78,114.05,113.67
10/21/2021,113.67,7104090,113.90,113.95,113.63
10/20/2021,113.97,6229997,114.02,114.21,113.94
10/19/2021,114.02,7445439,114.27,114.315,114.00
10/18/2021,114.43,8703263,114.25,114.52,114.07
10/15/2021,114.59,8689690,114.74,114.77,114.53
10/14/2021,115.16,9518151,115.02,115.205,114.895
10/13/2021,114.89,11662370,114.74,115.05,114.68
10/12/2021,114.67,7938421,114.35,114.71,114.28
10/11/2021,114.15,2261278,114.23,114.32,114.13
10/08/2021,114.43,9455115,114.62,114.62,114.30
10/07/2021,114.68,8160204,114.875,114.91,114.67
10/06/2021,115.14,7473541,115.15,115.26,115.05
10/05/2021,115.11,6861931,115.29,115.32,114.99
10/04/2021,115.47,7691837,115.41,115.665,115.26
10/01/2021,115.61,19830110,115.355,115.66,115.26
09/30/2021,115.22,7307937,114.97,115.26,114.92
09/29/2021,115.08,8363964,115.20,115.355,114.865
09/28/2021,114.96,10295460,114.98,115.2181,114.725
09/27/2021,115.40,6742092,115.40,115.60,115.37
09/24/2021,115.71,10528000,115.90,115.91,115.64
09/23/2021,116.06,10650130,116.58,116.61,116.06
09/22/2021,117.12,10966440,117.01,117.22,116.79
09/21/2021,117.01,4867948,117.115,117.15,116.94
09/20/2021,117.08,8781617,116.91,117.21,116.82
09/17/2021,116.49,7611738,116.535,116.57,116.38
09/16/2021,116.83,5682695,116.785,117.01,116.68
09/15/2021,117.20,5108919,117.33,117.35,117.0033
09/14/2021,117.40,6991031,117.16,117.52,117.10
09/13/2021,116.96,4269332,116.93,117.06,116.905
09/10/2021,116.82,8147133,116.93,117.03,116.71
09/09/2021,117.19,7009653,116.91,117.32,116.81
09/08/2021,116.86,6046209,116.70,116.94,116.63
09/07/2021,116.54,7098564,116.59,116.68,116.435
09/03/2021,117.00,4988870,117.01,117.05,116.875
09/02/2021,117.28,2976276,117.27,117.28,117.14
09/01/2021,117.14,11908630,117.245,117.29,117.04
08/31/2021,117.17,7418428,117.33,117.49,117.12
08/30/2021,117.39,6546248,117.14,117.40,117.1041
08/27/2021,117.16,6360684,116.78,117.16,116.63
08/26/2021,116.78,6850643,116.72,116.83,116.59
08/25/2021,116.78,5874659,117.20,117.24,116.72
08/24/2021,117.24,3649651,117.41,117.51,117.205
08/23/2021,117.56,3958480,117.50,117.575,117.40
08/20/2021,117.53,6510301,117.64,117.705,117.41
08/19/2021,117.64,6242714,117.63,117.7166,117.53
08/18/2021,117.38,7025808,117.385,117.49,117.13
08/17/2021,117.44,7785495,117.48,117.70,117.415
08/16/2021,117.50,6928097,117.55,117.82,117.50
08/13/2021,117.24,6896465,116.745,117.24,116.73
08/12/2021,116.57,6932215,116.57,116.6954,116.43
08/11/2021,116.69,7254257,116.64,116.99,116.44
08/10/2021,116.56,7192420,116.87,116.88,116.55
08/09/2021,116.78,10842530,117.198,117.31,116.78
08/06/2021,117.03,7807589,117.14,117.25,117.00
08/05/2021,117.72,5164636,117.90,117.96,117.64
08/04/2021,118.15,7545049,118.53,118.63,117.78
08/03/2021,118.18,6627309,118.18,118.365,118.12
08/02/2021,118.15,19495780,117.82,118.38,117.71
07/30/2021,117.71,5656386,117.58,117.78,117.57
07/29/2021,117.38,6203823,117.31,117.53,117.28
07/28/2021,117.74,11533480,117.42,117.75,117.255
07/27/2021,117.64,8621186,117.62,117.71,117.51
07/26/2021,117.14,6179619,117.40,117.4181,117.12
07/23/2021,117.22,6804597,116.98,117.25,116.97
07/22/2021,117.40,6363507,117.13,117.64,117.12
07/21/2021,117.13,7438310,117.33,117.41,117.02
07/20/2021,117.81,8728991,118.47,118.52,117.71
07/19/2021,117.96,20557530,117.74,118.11,117.68
07/16/2021,116.96,3577861,116.67,116.98,116.66
07/15/2021,116.98,5704529,116.79,117.04,116.53
07/14/2021,116.49,6029153,116.305,116.52,116.21
07/13/2021,115.99,6926475,116.41,116.53,115.89
07/12/2021,116.35,3867702,116.51,116.56,116.2599
07/09/2021,116.41,5531190,116.52,116.54,116.395
07/08/2021,117.00,7367979,116.915,117.19,116.82
07/07/2021,116.70,7456447,116.58,116.91,116.47
07/06/2021,116.36,9095292,115.89,116.44,115.885
07/02/2021,115.75,5071881,115.47,115.75,115.44
07/01/2021,115.33,11966220,115.38,115.45,115.17
06/30/2021,115.49,6572875,115.48,115.66,115.46
06/29/2021,115.31,3373184,115.10,115.32,115.09
06/28/2021,115.25,4968856,115.11,115.36,115.10
06/25/2021,114.89,6716861,115.21,115.245,114.69
06/24/2021,115.13,3631724,115.15,115.28,115.08
06/23/2021,115.15,5429843,115.25,115.37,115.095
06/22/2021,115.38,5459704,115.04,115.41,115.01
06/21/2021,115.17,6460007,115.26,115.35,115.075
06/18/2021,115.54,13434960,115.04,115.58,114.81
06/17/2021,114.89,8838138,114.66,115.26,114.58
06/16/2021,114.48,13529120,115.32,115.38,114.31
06/15/2021,115.27,4212729,115.19,115.29,115.13
06/14/2021,115.25,3730876,115.49,115.50,115.195
06/11/2021,115.61,3914239,115.70,115.72,115.505
06/10/2021,115.78,6494799,115.12,115.79,115.07
06/09/2021,115.37,5679344,115.42,115.55,115.215
06/08/2021,115.01,4760524,115.04,115.0699,114.96
06/07/2021,114.68,3068480,114.63,114.72,114.60
06/04/2021,114.77,6326118,114.43,114.78,114.41
06/03/2021,114.14,3591204,114.33,114.33,114.09
06/02/2021,114.43,4269904,114.42,114.51,114.37
06/01/2021,114.30,9498089,114.1934,114.32,114.0471
05/28/2021,114.40,5575688,114.36,114.64,114.36
05/27/2021,114.41,5998122,114.36,114.41,114.20
05/26/2021,114.61,4501561,114.66,114.81,114.56
05/25/2021,114.74,5748228,114.44,114.76,114.44
05/24/2021,114.32,4825983,114.27,114.43,114.215
05/21/2021,114.21,6648700,114.28,114.31,114.08
05/20/2021,114.17,8412730,113.90,114.18,113.87
05/19/2021,113.70,13156480,114.02,114.25,113.595
05/18/2021,114.04,4319572,114.03,114.09,113.92
05/17/2021,114.04,6711083,114.07,114.12,113.99
05/14/2021,114.15,7943181,114.07,114.19,113.95
05/13/2021,113.90,8242729,113.657,113.94,113.59
05/12/2021,113.52,14510080,113.65,113.73,113.47
05/11/2021,114.07,6591325,114.09,114.165,114.02
05/10/2021,114.26,5906790,114.535,114.63,114.21
05/07/2021,114.49,10657710,114.72,114.9499,114.39
05/06/2021,114.45,6546203,114.32,114.5784,114.30
05/05/2021,114.40,6810046,114.1423,114.43,114.1423
05/04/2021,114.26,11171040,114.34,114.56,114.20
05/03/2021,114.11,8593296,113.96,114.35,113.92
04/30/2021,113.99,5160017,113.94,114.03,113.77
04/29/2021,113.89,5547845,113.55,113.90,113.4434
04/28/2021,114.09,8692915,113.95,114.11,113.66
04/27/2021,113.94,7720506,114.23,114.33,113.935
04/26/2021,114.39,7145282,114.46,114.55,114.39
04/23/2021,114.51,5510142,114.64,114.65,114.33
04/22/2021,114.66,7681357,114.56,114.687,114.285
04/21/2021,114.57,7976519,114.50,114.625,114.34
04/20/2021,114.51,6468328,114.14,114.59,114.14
04/19/2021,114.17,5738590,114.10,114.36,114.04
04/16/2021,114.29,7334909,114.26,114.465,114.23
04/15/2021,114.60,9958454,114.23,114.765,114.225
04/14/2021,113.87,4876940,113.82,113.91,113.72
04/13/2021,114.01,7663913,113.57,114.01,113.54
04/12/2021,113.54,5465972,113.52,113.57,113.42
04/09/2021,113.61,5887437,113.54,113.815,113.44
04/08/2021,113.91,6334848,113.72,113.92,113.70
04/07/2021,113.52,6316843,113.565,113.795,113.48
04/06/2021,113.59,8765168,113.28,113.61,113.24
04/05/2021,113.04,9944534,112.97,113.129,112.80
04/01/2021,113.36,8535311,113.21,113.42,113.13
03/31/2021,112.93,8619995,113.06,113.185,112.79
03/30/2021,113.09,5784914,112.88,113.16,112.78
03/29/2021,113.19,6298024,113.68,113.69,113.09
03/26/2021,113.58,6409729,113.65,113.885,113.565
03/25/2021,113.96,10573820,114.17,114.24,113.79
03/24/2021,114.11,14634870,113.73,114.125,113.70
03/23/2021,113.96,7544012,113.65,113.98,113.568
03/22/2021,113.40,4679826,113.32,113.46,113.23
03/19/2021,113.03,8748137,112.86,113.20,112.83
03/18/2021,113.10,8281398,112.90,113.23,112.7899
03/17/2021,113.81,8975911,113.57,114.05,113.36
03/16/2021,114.00,5479507,114.15,114.235,113.87
03/15/2021,114.02,4465502,113.95,114.13,113.9219
03/12/2021,113.88,7332703,113.981,113.99,113.76
03/11/2021,114.71,7576486,114.74,114.87,114.54
03/10/2021,114.75,5683125,114.51,114.8565,114.45
03/09/2021,114.51,7035036,114.47,114.605,114.29
03/08/2021,113.97,7416384,114.15,114.175,113.93
03/05/2021,114.42,8634646,114.12,114.57,114.0214
03/04/2021,114.58,12327870,115.14,115.27,114.41
03/03/2021,115.15,8377310,115.22,115.24,114.93
03/02/2021,115.77,6270980,115.46,115.78,115.41
03/01/2021,115.56,9616518,115.47,115.69,115.25
02/26/2021,115.76,28188450,115.14,115.81,114.71
02/25/2021,114.73,35760890,115.61,115.72,114.10
02/24/2021,116.28,7133845,115.86,116.34,115.79
02/23/2021,116.44,7344886,116.27,116.58,116.17
02/22/2021,116.35,3828028,116.45,116.67,116.26
02/19/2021,116.54,5851819,116.66,116.77,116.37
02/18/2021,117.01,4469927,116.83,117.1001,116.74
02/17/2021,117.02,4789709,117.02,117.1681,116.88
02/16/2021,116.94,8909021,117.265,117.38,116.86
02/12/2021,117.79,8802378,117.89,118.02,117.7541
02/11/2021,118.18,5949889,118.27,118.3089,118.125
02/10/2021,118.27,6726802,118.10,118.27,118.085
02/09/2021,117.97,4458483,118.01,118.13,117.92
02/08/2021,117.88,2861325,117.81,118.04,117.735
02/05/2021,117.83,5498036,118.05,118.1753,117.83
02/04/2021,118.08,2146031,117.98,118.13,117.89
02/03/2021,118.12,3844215,118.25,118.31,118.10
02/02/2021,118.41,3609871,118.34,118.46,118.30
02/01/2021,118.71,3640712,118.57,118.77,118.53
01/29/2021,118.64,7952081,118.505,118.79,118.47
01/28/2021,118.85,5394284,119.00,119.01,118.715
01/27/2021,119.16,5764713,119.22,119.34,119.12
01/26/2021,119.02,4257174,118.94,119.06,118.92
01/25/2021,119.06,5689167,118.75,119.06,118.71
01/22/2021,118.58,4706189,118.50,118.595,118.435
01/21/2021,118.40,4254502,118.37,118.48,118.30
01/20/2021,118.57,4277708,118.39,118.57,118.36
01/19/2021,118.52,4035753,118.28,118.52,118.23
01/15/2021,118.45,5978356,118.38,118.53,118.21
01/14/2021,118.13,7731084,118.39,118.47,118.03
01/13/2021,118.40,7562855,118.167,118.545,118.14
01/12/2021,117.99,6516782,117.765,118.0436,117.57
01/11/2021,118.01,6142879,118.15,118.155,117.985
01/08/2021,118.24,8378652,118.35,118.43,118.13
01/07/2021,118.58,7751650,118.5764,118.655,118.4755
01/06/2021,119.00,10039300,119.12,119.12,118.7712
01/05/2021,119.70,5004393,119.87,119.89,119.58
01/04/2021,119.98,5498999,119.68,120.06,119.645
12/31/2020,119.95,2626214,119.85,120.00,119.845
12/30/2020,119.87,2549055,119.74,119.87,119.73
12/29/2020,119.79,2157281,119.64,119.8264,119.635
12/28/2020,119.81,3677496,119.608,119.81,119.537
12/24/2020,119.80,1529337,119.74,119.80,119.71
12/23/2020,119.63,3047122,119.65,119.66,119.42
12/22/2020,119.88,3931860,119.83,119.8989,119.71
12/21/2020,119.68,2850543,119.79,119.83,119.58
12/18/2020,119.60,3189453,119.79,119.85,119.58
12/17/2020,119.70,3233158,119.99,120.0712,119.6189
12/16/2020,119.86,5058448,119.69,119.995,119.64
12/15/2020,119.96,2889166,119.93,120.025,119.835
